id,time,tuple,operation,result
0,1639442215.1952193,"(3.0, 8.0, 4.0)",Addition,15.0
1,1639504593.7728217,"(1.0, 5.0)",Addition,6.0
2,1639504600.3660178,"(5.0, 0.0)",Division,ZeroDivisionError
3,1639505425.0697136,"(0.0,)",Addition,0.0
4,1639506042.7783566,"(1.0, 5.0, 2.0)",Addition,8.0
